Name	Lineage	PrMS6	Pr9C3	PrMS39	PrMS45	PrMS43	KIPrMS18	KIPrMS64	KIPrMS82a	KIPrMS82b
PR-94-001	EU1	165/165	218/224	136/140	162/186	134/1	217/261	350/397	126/137	110/241
PR-94-002	EU1	165/165	218/224	136/140	162/186	134/1	217/261	350/397	126/137	110/241
PR-95-002	EU1	165/165	218/224	136/136	162/186	134/1	217/261	350/397	126/137	110/241
PR-98-001	EU1	165/165	218/224	136/140	162/186	134/1	217/261	350/397	126/137	110/241
PR-98-002	EU1	165/165	218/224	136/140	162/186	134/1	217/261	350/397	126/137	110/241
PR-99-001	EU1	165/165	218/224	136/140	162/186	134/1	217/261	350/397	126/137	110/241
PR-08-002	EU1	165/165	218/224	136/140	162/186	134/1	217/261	350/397	126/137	110/243
PR-08-004	EU1	165/165	218/224	136/140	162/186	134/1	217/261	350/397	126/137	110/243
PR-09-016	EU1	165/165	218/224	136/140	162/186	134/1	217/261	350/397	126/137	110/243
PR-09-086	EU1	165/165	218/224	136/140	162/186	134/1	217/261	350/397	126/137	110/243
PR-09-092	EU1	165/165	218/224	136/140	162/186	134/1	217/261	350/397	126/137	110/243
PR-12-021	EU1	165/165	218/224	136/140	162/186	134/1	217/261	350/401	126/137	110/243
PR-01-009	EU1	165/165	218/224	136/140	162/186	134/1	217/261	350/397	126/137	110/245
PR-12-038	EU2	165/165	216/218	140/158	164/170	145/1	217/223	344/344	101/103	97/107
PR-12-039	EU2	165/165	216/218	140/158	164/170	145/1	217/223	344/344	101/103	97/107
PR-12-040	EU2	165/165	216/218	140/158	164/170	145/1	217/223	344/344	101/103	97/107
PR-12-037	EU2	165/165	216/218	140/158	164/170	145/1	217/223	344/344	103/105	99/109
PR-09-136	NA1	165/168	216/226	130/246	166/186	372/489	219/275	342/381	107/112	109/206
PR-09-137	NA1	165/168	216/226	130/246	166/186	372/489	219/275	342/381	107/112	109/206
PR-09-138	NA1	165/168	216/226	130/246	166/186	372/489	219/275	342/381	107/112	109/206
PR-09-139	NA1	165/168	216/226	130/246	166/186	372/489	219/275	342/381	107/112	109/206
PR-09-202	NA1	165/168	216/226	130/246	166/186	372/489	219/275	342/381	107/111	109/206
PR-10-079	NA1	165/168	216/226	130/246	166/186	372/489	219/275	342/381	107/112	109/206
PR-10-080	NA1	165/168	216/226	130/246	166/186	372/489	219/275	342/381	107/112	109/206
PR-10-081	NA1	165/168	216/226	130/246	166/186	372/489	219/275	342/381	107/112	109/206
PR-10-082	NA1	165/168	216/226	130/246	166/186	372/489	219/275	342/381	107/112	109/206
PR-10-083	NA1	165/168	216/226	130/246	166/186	372/497	219/275	342/381	107/112	109/206
PR-10-084	NA1	165/168	216/226	130/246	166/186	372/489	219/275	342/381	107/112	109/206
PR-10-085	NA1	165/168	216/226	130/246	166/186	372/489	219/275	342/381	107/112	109/206
PR-10-086	NA1	165/168	216/226	130/246	166/186	372/489	219/275	342/381	107/112	109/206
PR-10-087	NA1	165/168	216/226	130/246	166/186	372/489	219/275	342/381	107/112	109/206
PR-10-088	NA1	165/168	216/226	130/246	166/186	372/489	219/275	342/381	107/112	109/206
PR-10-089	NA1	165/168	216/226	130/246	166/186	372/489	219/275	342/381	107/112	109/206
PR-10-090	NA1	165/168	216/226	130/246	166/186	372/489	219/275	342/381	107/112	109/206
PR-10-091	NA1	165/168	216/226	130/246	166/186	372/489	219/275	342/381	107/112	109/206
PR-10-092	NA1	165/168	216/226	130/246	166/186	372/489	219/275	342/381	107/112	109/206
PR-10-093	NA1	165/168	216/226	130/246	166/186	372/489	219/275	342/381	107/112	109/206
PR-10-094	NA1	165/168	216/226	130/246	166/186	372/489	219/275	342/381	107/112	109/206
PR-10-095	NA1	165/168	216/226	130/246	166/186	372/489	219/275	342/381	107/112	109/206
PR-10-096	NA1	165/168	216/226	130/246	166/186	372/489	219/275	342/381	107/112	109/206
PR-10-097	NA1	165/168	216/226	130/246	166/186	372/489	219/275	342/381	107/112	109/206
PR-10-099	NA1	165/168	216/226	130/246	166/186	372/489	219/275	342/381	107/112	109/206
PR-10-100	NA1	165/168	216/226	130/246	166/186	372/489	219/275	342/381	107/112	109/206
PR-10-101	NA1	165/168	216/226	130/246	166/186	372/489	219/275	342/381	107/112	109/206
PR-10-102	NA1	165/168	216/226	130/246	166/186	372/489	219/275	342/381	107/112	109/206
PR-09-116	NA2	165/168	216/216	145/151	0/0	0/0	221/221	344/360	103/107	105/109
PR-09-185	NA2	165/168	216/216	145/151	0/0	0/0	221/221	344/360	103/107	105/109
PR-10-042	NA2	165/168	216/216	145/151	0/0	0/0	221/221	344/360	103/107	105/109
PR-10-043	NA2	165/168	216/216	145/151	0/0	0/0	221/221	344/360	103/107	105/109
PR-10-045	NA2	165/168	216/216	145/151	0/0	0/0	221/221	344/360	103/107	105/109
