Name	Lineage	PrMS6	PrMS9c3	ILVOPrMS132/PrMS39a	PRMS45	ILVOPrMS133/PrMS43ab	KI18	KI64	ILVOPrMS131
PR-12-044	NA1	165/168	216/226	130/246	166/186	372/489	219/275	342/379	150/234
PR-11-015	NA1	165/168	216/226	130/250	166/186	372/481	219/275	342/379	154/222
PR-11-008	NA1	165/168	216/226	130/250	166/186	368/485	219/275	342/379	150/226
PR-11-012	NA1	165/168	216/226	130/246	166/186	376/485	219/275	342/379	150/222
PR-07-045	NA1	165/168	216/226	130/250	166/186	364/485	219/277	342/379	150/222
PR-12-103	NA2	165/168	216/216	145/151	0/0	157/170	221/221	344/360	278/342
PR-08-028	EU1	165/165	218/224	136/140	162/186	122/132	217/261	350/397	370/0
PR-05-015	EU1	165/165	218/224	136/140	162/186	124/134	217/261	350/397	370/390
PR-07-081	NA1	165/168	216/226	130/254	166/186	368/485	219/275	342/379	150/226
PR-10-003	NA1	165/168	216/226	130/246	166/186	372/485	219/279	342/379	150/226
PR-05-166	NA2	165/168	216/216	145/151	0/0	161/174	221/221	344/360	274/342
PR-12-021	EU1	165/165	218/224	136/140	162/186	134/145	217/261	350/401	394/0
PR-12-035	EU2	165/165	216/218	140/158	164/170	0/0	217/223	346/346	0/0
PR-05-156	NA2	165/168	216/216	145/151	0/0	157/170	221/221	344/360	278/342
PR-12-047	NA1	165/168	216/226	130/246	166/186	368/394	219/275	342/379	150/230
PR-09-011	EU1	165/165	218/224	136/140	162/186	134/145	217/261	350/397	370/0
PR-11-026	NA1	165/168	216/226	130/246	166/186	372/489	219/275	342/381	150/230